Adelidae,Adela ridingsella
Apatelodidae,Apatelodes torrefacta
Apatelodidae,Olceclostera angelica
Argyresthiidae,Argyresthia austerella
Argyresthiidae,Argyresthia calliphanes
Argyresthiidae,Argyresthia freyella
Argyresthiidae,Argyresthia goedartella
Argyresthiidae,Argyresthia oreasella
Argyresthiidae,Argyresthia subreticulata
Attevidae,Atteva aurea
Autostichidae,Gerdana caritella
Autostichidae,Glyphidocera septentrionella
Autostichidae,Oegoconia novimundi
Autostichidae,Spinitibia hodgesi
Autostichidae,Taygete attributella
Batrachedridae,Batrachedra illusor
Batrachedridae,Batrachedra praeangusta
Bedelliidae,Bedellia somnulentella
Blastobasidae,Blastobasis glandulella
Blastobasidae,Holcocera chalcofrontella
Bucculatricidae,Bucculatrix adelpha
Bucculatricidae,Bucculatrix angustata
Bucculatricidae,Bucculatrix canadensisella
Bucculatricidae,Bucculatrix coronatella
Bucculatricidae,Bucculatrix eclecta
Bucculatricidae,Bucculatrix inusitata
Bucculatricidae,Bucculatrix montana
Bucculatricidae,Bucculatrix pomifoliella
Bucculatricidae,Bucculatrix staintonella
Carposinidae,Bondia crescentella
Carposinidae,Carposina fernaldana
Carposinidae,Carposina sasakii
Choreutidae,Brenthia pavonacella
Choreutidae,Choreutis pariana
Choreutidae,Prochoreutis extrincicella
Choreutidae,Prochoreutis inflatella
Choreutidae,Tebenna carduiella
Choreutidae,Tebenna gnaphaliella
Choreutidae,Tebenna onustana
Choreutidae,Tebenna silphiella
Coleophoridae,Coleophora atromarginata
Coleophoridae,Coleophora cratipennella
Coleophoridae,Coleophora lineapulvella
Coleophoridae,Coleophora mayrella
Coleophoridae,Coleophora quadruplex
Coleophoridae,Coleophora querciella
Coleophoridae,Coleophora tiliaefoliella
Coleophoridae,Coleophora trifolii
Cosmopterigidae,Cosmopterix montisella
Cosmopterigidae,Cosmopterix pulchrimella
Cosmopterigidae,Euclemensia bassettella
Cosmopterigidae,Limnaecia phragmitella
Cosmopterigidae,Perimede erransella
Cosmopterigidae,Perimede ricina
Cosmopterigidae,Stagmatophora wyattella
Cosmopterigidae,Stilbosis tesquella
Cosmopterigidae,Triclonella determinatella
Cosmopterigidae,Walshia amorphella
Cosmopterigidae,Walshia elegans
Cosmopterigidae,Walshia miscecolorella
Cossidae,Acossus centerensis
Cossidae,Prionoxystus macmurtrei
Cossidae,Prionoxystus robiniae
Crambidae,Acentria ephemerella
Crambidae,Achyra bifidalis
Crambidae,Achyra rantalis
Crambidae,Aethiophysa invisalis
Crambidae,Agriphila ruricolellus
Crambidae,Agriphila vulgivagellus
Crambidae,Anageshna primordialis
Crambidae,Anania extricalis
Crambidae,Anania funebris
Crambidae,Anania mysippusalis
Crambidae,Anania tertialis
Crambidae,Apogeshna stenialis
Crambidae,Arequipa turbatella
Crambidae,Argyria auratella
Crambidae,Argyria critica
Crambidae,Argyria nummulalis
Crambidae,Blepharomastix ranalis
Crambidae,Chalcoela iphitalis
Crambidae,Chalcoela pegasalis
Crambidae,Chrysendeton medicinalis
Crambidae,Chrysoteuchia topiarius
Crambidae,Compacta capitalis
Crambidae,Conchylodes ovulalis
Crambidae,Crambus agitatellus
Crambidae,Crambus albellus
Crambidae,Crambus girardellus
Crambidae,Crambus hamella
Crambidae,Crambus laqueatellus
Crambidae,Crambus leachellus
Crambidae,Crambus praefectellus
Crambidae,Crambus saltuellus
Crambidae,Crambus youngellus
Crambidae,Crocidophora pustuliferalis
Crambidae,Crocidophora serratissimalis
Crambidae,Crocidophora tuberculalis
Crambidae,Desmia funeralis-maculalis
Crambidae,Diacme adipaloides
Crambidae,Diaphania hyalinata
Crambidae,Diaphania nitidalis
Crambidae,Diastictis argyralis
Crambidae,Diastictis ventralis
Crambidae,Dicymolomia julianalis
Crambidae,Donacaula longirostrallus
Crambidae,Donacaula melinellus
Crambidae,Ecpyrrhorrhoe puralis
Crambidae,Elophila gyralis
Crambidae,Elophila icciusalis
Crambidae,Elophila obliteralis
Crambidae,Elophila tinealis
Crambidae,Eoreuma densella
Crambidae,Epina alleni
Crambidae,Epipagis fenestralis
Crambidae,Euchromius ocellea
Crambidae,Eudonia heterosalis
Crambidae,Eudonia strigalis
Crambidae,Eustixia pupula
Crambidae,Evergestis pallidata
Crambidae,Evergestis rimosalis
Crambidae,Evergestis unimacula
Crambidae,Fissicrambus mutabilis
Crambidae,Fumibotys fumalis
Crambidae,Glaphyria fulminalis
Crambidae,Glaphyria glaphyralis
Crambidae,Glaphyria sesquistrialis
Crambidae,Hahncappsia mancalis
Crambidae,Hahncappsia marculenta
Crambidae,Hahncappsia neomarculenta
Crambidae,Hahncappsia pergilvalis
Crambidae,Haimbachia squamulella
Crambidae,Hellula rogatalis
Crambidae,Helvibotys helvialis
Crambidae,Herpetogramma abdominalis
Crambidae,Herpetogramma aeglealis
Crambidae,Herpetogramma bipunctalis
Crambidae,Herpetogramma pertextalis
Crambidae,Herpetogramma phaeopteralis
Crambidae,Herpetogramma sphingealis
Crambidae,Herpetogramma theseusalis
Crambidae,Herpetogramma thestealis
Crambidae,Hymenia perspectalis
Crambidae,Lineodes integra
Crambidae,Lipocosma adelalis
Crambidae,Lipocosma sicalis
Crambidae,Lipocosmodes fuliginosalis
Crambidae,Loxostege cereralis
Crambidae,Loxostege commixtalis
Crambidae,Loxostege sticticalis
Crambidae,Loxostegopsis merrickalis
Crambidae,Lygropia octonalis
Crambidae,Lygropia rivulalis
Crambidae,Microcrambus biguttellus
Crambidae,Microcrambus elegans
Crambidae,Microcrambus minor
Crambidae,Microtheoris ophionalis
Crambidae,Mimoschinia rufofascialis
Crambidae,Nascia acutellus
Crambidae,Neodactria caliginosellus
Crambidae,Neodactria luteolellus
Crambidae,Neodactria murellus
Crambidae,Neodactria zeellus
Crambidae,Neohelvibotys neohelvialis
Crambidae,Nephrogramma reniculalis
Crambidae,Nomophila nearctica
Crambidae,Ostrinia nubilalis
Crambidae,Ostrinia obumbratalis
Crambidae,Ostrinia penitalis
Crambidae,Palpita arsaltealis
Crambidae,Palpita magniferalis
Crambidae,Pantographa limata
Crambidae,Parapediasia decorellus
Crambidae,Parapediasia teterrellus
Crambidae,Parapoynx allionealis
Crambidae,Parapoynx badiusalis
Crambidae,Parapoynx obscuralis
Crambidae,Pediasia trisecta
Crambidae,Perispasta caeculalis
Crambidae,Petrophila bifascialis
Crambidae,Petrophila canadensis
Crambidae,Petrophila fulicalis
Crambidae,Pilocrocis ramentalis
Crambidae,Platytes vobisne
Crambidae,Pleuroptya silicalis
Crambidae,Polygrammodes flavidalis
Crambidae,Prionapteryx achatina
Crambidae,Pyrausta acrionalis
Crambidae,Pyrausta bicoloralis
Crambidae,Pyrausta generosa
Crambidae,Pyrausta inveterascalis
Crambidae,Pyrausta laticlavia
Crambidae,Pyrausta niveicilialis
Crambidae,Pyrausta onythesalis
Crambidae,Pyrausta orphisalis
Crambidae,Pyrausta phoenicealis
Crambidae,Pyrausta pseuderosnealis
Crambidae,Pyrausta rubricalis
Crambidae,Pyrausta signatalis
Crambidae,Pyrausta subsequalis
Crambidae,Pyrausta tyralis
Crambidae,Pyrausta unifascialis
Crambidae,Raphiptera argillaceellus
Crambidae,Samea ecclesialis
Crambidae,Saucrobotys fumoferalis
Crambidae,Saucrobotys futilalis
Crambidae,Scoparia basalis
Crambidae,Scoparia biplagialis
Crambidae,Sericoplaga externalis
Crambidae,Sitochroa chortalis
Crambidae,Sitochroa palealis
Crambidae,Spoladea recurvalis
Crambidae,Stegea eripalis
Crambidae,Terastia meticulosalis
Crambidae,Thaumatopsis edonis
Crambidae,Thaumatopsis pexellus
Crambidae,Thopeutis forbesellus
Crambidae,Udea rubigalis
Crambidae,Uresiphita reversalis
Crambidae,Urola nivalis
Crambidae,Xanthophysa psychialis
Crambidae,Xubida panalope
Depressariidae,Agonopterix alstroemeriana
Depressariidae,Agonopterix argillacea
Depressariidae,Agonopterix atrodorsella
Depressariidae,Agonopterix canadensis
Depressariidae,Agonopterix clemensella
Depressariidae,Agonopterix curvilineella
Depressariidae,Agonopterix dimorphella
Depressariidae,Agonopterix eupatoriiella
Depressariidae,Agonopterix flavicomella
Depressariidae,Agonopterix hyperella
Depressariidae,Agonopterix lythrella
Depressariidae,Agonopterix nebulosa
Depressariidae,Agonopterix nigrinotella
Depressariidae,Agonopterix paulae
Depressariidae,Agonopterix pteleae
Depressariidae,Agonopterix pulvipennella
Depressariidae,Agonopterix robiniella
Depressariidae,Agonopterix thelmae
Depressariidae,Agonopterix walsinghamella
Depressariidae,Antaeotricha humilis
Depressariidae,Antaeotricha leucillana
Depressariidae,Antaeotricha schlaegeri
Depressariidae,Depressaria cinereocostella
Depressariidae,Depressaria radiella
Depressariidae,Ethmia longimaculella
Depressariidae,Ethmia monticola
Depressariidae,Ethmia zelleriella
Depressariidae,Gonioterma mistrella
Depressariidae,Machimia tentoriferella
Depressariidae,Psilocorsis cryptolechiella
Depressariidae,Psilocorsis quercicella
Depressariidae,Psilocorsis reflexella
Depressariidae,Semioscopis aurorella
Depressariidae,Semioscopis inornata
Depressariidae,Semioscopis megamicrella
Depressariidae,Semioscopis merriccella
Depressariidae,Semioscopis packardella
Drepanidae,Drepana arcuata
Drepanidae,Drepana bilineata
Drepanidae,Eudeilinia herminiata
Drepanidae,Euthyatira pudens
Drepanidae,Habrosyne gloriosa
Drepanidae,Habrosyne scripta
Drepanidae,Oreta rosea
Drepanidae,Pseudothyatira cymatophoroides
Elachistidae,Chrysoclista linneella
Elachistidae,Elachista cucullata
Elachistidae,Elachista huron
Elachistidae,Elachista illectella
Elachistidae,Elachista irrorata
Elachistidae,Elachista madarella
Epermeniidae,Epermenia albapunctella
Epermeniidae,Epermenia imperialella
Erebidae,Allotria elonympha
Erebidae,Anomis erosa
Erebidae,Anticarsia gemmatalis
Erebidae,Apantesis anna
Erebidae,Apantesis arge
Erebidae,Apantesis carlotta
Erebidae,Apantesis figurata
Erebidae,Apantesis nais
Erebidae,Apantesis parthenice
Erebidae,Apantesis phalerata
Erebidae,Apantesis phyllira
Erebidae,Apantesis speciosa
Erebidae,Apantesis virgo
Erebidae,Apantesis virguncula
Erebidae,Apantesis vittata
Erebidae,Argyrostrotis anilis
Erebidae,Arugisa latiorella
Erebidae,Ascalapha odorata
Erebidae,Bleptina caradrinalis
Erebidae,Bleptina inferior
Erebidae,Bulia deducta
Erebidae,Caenurgia chloropha
Erebidae,Caenurgina crassiuscula
Erebidae,Caenurgina erechtea
Erebidae,Calyptra canadensis
Erebidae,Catocala abbreviatella
Erebidae,Catocala alabamae
Erebidae,Catocala amatrix
Erebidae,Catocala amestris
Erebidae,Catocala amica
Erebidae,Catocala andromedae
Erebidae,Catocala angusi
Erebidae,Catocala antinympha
Erebidae,Catocala blandula
Erebidae,Catocala cara
Erebidae,Catocala cerogama
Erebidae,Catocala clintonii
Erebidae,Catocala coccinata
Erebidae,Catocala concumbens
Erebidae,Catocala connubialis
Erebidae,Catocala consors
Erebidae,Catocala crataegi
Erebidae,Catocala dejecta
Erebidae,Catocala dulciola
Erebidae,Catocala epione
Erebidae,Catocala flebilis
Erebidae,Catocala gracilis
Erebidae,Catocala grynea
Erebidae,Catocala habilis
Erebidae,Catocala ilia
Erebidae,Catocala illecta
Erebidae,Catocala innubens
Erebidae,Catocala insolabilis
Erebidae,Catocala judith
Erebidae,Catocala junctura
Erebidae,Catocala lacrymosa
Erebidae,Catocala lineella
Erebidae,Catocala luctuosa
Erebidae,Catocala maestosa
Erebidae,Catocala marmorata
Erebidae,Catocala meskei
Erebidae,Catocala micronympha
Erebidae,Catocala minuta
Erebidae,Catocala mira
Erebidae,Catocala muliercula
Erebidae,Catocala nebulosa
Erebidae,Catocala neogama
Erebidae,Catocala nuptialis
Erebidae,Catocala obscura
Erebidae,Catocala palaeogama
Erebidae,Catocala parta
Erebidae,Catocala piatrix
Erebidae,Catocala praeclara
Erebidae,Catocala relicta
Erebidae,Catocala residua
Erebidae,Catocala retecta
Erebidae,Catocala robinsonii
Erebidae,Catocala serena
Erebidae,Catocala similis
Erebidae,Catocala sordida
Erebidae,Catocala subnata
Erebidae,Catocala ulalume
Erebidae,Catocala ultronia
Erebidae,Catocala umbrosa
Erebidae,Catocala unijuga
Erebidae,Catocala vidua
Erebidae,Catocala whitneyi
Erebidae,Celiptera frustulum
Erebidae,Chytolita morbidalis
Erebidae,Cisseps fulvicollis
Erebidae,Cissusa spadix
Erebidae,Cisthene plumbea
Erebidae,Clemensia albata
Erebidae,Colobochyla interpuncta
Erebidae,Crambidia casta
Erebidae,Crambidia pallida
Erebidae,Crambidia uniformis
Erebidae,Ctenucha virginica
Erebidae,Cycnia collaris
Erebidae,Cycnia oregonensis
Erebidae,Cycnia tenera
Erebidae,Dasychira basiflava
Erebidae,Dasychira cinnamomea
Erebidae,Dasychira dorsipennata
Erebidae,Dasychira grisefacta
Erebidae,Dasychira manto
Erebidae,Dasychira obliquata
Erebidae,Dasychira tephra
Erebidae,Dasychira vagans
Erebidae,Dodia albertae
Erebidae,Drasteria grandirena
Erebidae,Drasteria graphica
Erebidae,Drasteria howlandii
Erebidae,Dyspyralis nigellus
Erebidae,Estigmene acrea
Erebidae,Euchaetes egle
Erebidae,Euparthenos nubilis
Erebidae,Gabara subnivosella
Erebidae,Halysidota tessellaris
Erebidae,Haploa clymene
Erebidae,Haploa confusa
Erebidae,Haploa contigua
Erebidae,Haploa lecontei
Erebidae,Haploa reversa
Erebidae,Hypena abalienalis
Erebidae,Hypena atomaria
Erebidae,Hypena baltimoralis
Erebidae,Hypena bijugalis
Erebidae,Hypena deceptalis
Erebidae,Hypena edictalis
Erebidae,Hypena eductalis
Erebidae,Hypena humuli
Erebidae,Hypena madefactalis
Erebidae,Hypena manalis
Erebidae,Hypena minualis
Erebidae,Hypena palparia
Erebidae,Hypena scabra
Erebidae,Hypena sordidula
Erebidae,Hypenodes caducus
Erebidae,Hypenodes fractilinea
Erebidae,Hypenula cacuminalis
Erebidae,Hypercompe scribonia
Erebidae,Hyphantria cunea
Erebidae,Hypocala andremona
Erebidae,Hypoprepia fucosa
Erebidae,Hypoprepia miniata
Erebidae,Hypsoropha hormos
Erebidae,Hypsoropha monilis
Erebidae,Idia aemula
Erebidae,Idia americalis
Erebidae,Idia denticulalis
Erebidae,Idia diminuendis
Erebidae,Idia forbesii
Erebidae,Idia lubricalis
Erebidae,Idia majoralis
Erebidae,Idia occidentalis
Erebidae,Idia rotundalis
Erebidae,Idia scobialis
Erebidae,Isogona tenuis
Erebidae,Lascoria ambigualis
Erebidae,Ledaea perditalis
Erebidae,Lesmone detrahens
Erebidae,Lophocampa caryae
Erebidae,Lycomorpha pholus
Erebidae,Lymantria dispar
Erebidae,Macrochilo absorptalis
Erebidae,Macrochilo bivittata
Erebidae,Macrochilo hypocritalis
Erebidae,Macrochilo litophora
Erebidae,Macrochilo louisiana
Erebidae,Macrochilo orciferalis
Erebidae,Melanomma auricinctaria
Erebidae,Melipotis indomita
Erebidae,Melipotis jucunda
Erebidae,Metalectra discalis
Erebidae,Metalectra quadrisignata
Erebidae,Metalectra tantillus
Erebidae,Mocis latipes
Erebidae,Mocis texana
Erebidae,Nychioptera opada
Erebidae,Orgyia definita
Erebidae,Orgyia leucostigma
Erebidae,Pagara simplex
Erebidae,Palthis angulalis
Erebidae,Palthis asopialis
Erebidae,Pangrapta decoralis
Erebidae,Panopoda carneicosta
Erebidae,Panopoda rufimargo
Erebidae,Parallelia bistriaris
Erebidae,Phalaenophana pyramusalis
Erebidae,Phalaenostola eumelusalis
Erebidae,Phalaenostola hanhami
Erebidae,Phalaenostola larentioides
Erebidae,Phalaenostola metonalis
Erebidae,Phoberia atomaris
Erebidae,Phragmatobia assimilans
Erebidae,Phragmatobia fuliginosa
Erebidae,Phragmatobia lineata
Erebidae,Phyprosopus callitrichoides
Erebidae,Phytometra ernestinana
Erebidae,Phytometra rhodarialis
Erebidae,Plusiodonta compressipalpis
Erebidae,Pygarctia spraguei
Erebidae,Pyrrharctia isabella
Erebidae,Redectis vitrea
Erebidae,Renia discoloralis
Erebidae,Renia factiosalis
Erebidae,Renia flavipunctalis
Erebidae,Renia nemoralis
Erebidae,Renia salusalis
Erebidae,Renia sobrialis
Erebidae,Rivula propinqualis
Erebidae,Scolecocampa liburna
Erebidae,Scoliopteryx libatrix
Erebidae,Spargaloma sexpunctata
Erebidae,Spiloloma lunilinea
Erebidae,Spilosoma congrua
Erebidae,Spilosoma dubia
Erebidae,Spilosoma latipennis
Erebidae,Spilosoma virginica
Erebidae,Tathorhynchus exsiccata
Erebidae,Tetanolita floridana
Erebidae,Tetanolita mynesalis
Erebidae,Tetanolita palligera
Erebidae,Thysania zenobia
Erebidae,Utetheisa ornatrix
Erebidae,Virbia aurantiaca
Erebidae,Virbia ferruginosa
Erebidae,Virbia immaculata
Erebidae,Virbia laeta
Erebidae,Virbia nigricans
Erebidae,Virbia opella
Erebidae,Virbia rubicundaria
Erebidae,Zale aeruginosa
Erebidae,Zale bethunei
Erebidae,Zale calycanthata
Erebidae,Zale curema
Erebidae,Zale galbanata
Erebidae,Zale helata
Erebidae,Zale horrida
Erebidae,Zale intenta
Erebidae,Zale lunata
Erebidae,Zale lunifera
Erebidae,Zale metatoides
Erebidae,Zale minerea
Erebidae,Zale obliqua
Erebidae,Zale phaeocapna
Erebidae,Zale undularis
Erebidae,Zale unilineata
Erebidae,Zanclognatha cruralis
Erebidae,Zanclognatha dentata
Erebidae,Zanclognatha jacchusalis
Erebidae,Zanclognatha laevigata
Erebidae,Zanclognatha marcidilinea
Erebidae,Zanclognatha martha
Erebidae,Zanclognatha obscuripennis
Erebidae,Zanclognatha pedipilalis
Erebidae,Zanclognatha protumnusalis
Erebidae,Zanclognatha theralis
Eriocraniidae,Dyseriocrania griseocapitella
Euteliidae,Eutelia pulcherrimus
Euteliidae,Marathyssa basalis
Euteliidae,Marathyssa inficita
Euteliidae,Paectes abrostolella
Euteliidae,Paectes abrostoloides
Euteliidae,Paectes oculatrix
Euteliidae,Paectes pygmaea
Galacticidae,Homadaula anisocentra
Gelechiidae,Agnippe biscolorella
Gelechiidae,Agnippe prunifoliella
Gelechiidae,Anacampsis agrimoniella
Gelechiidae,Anacampsis conclusella
Gelechiidae,Anacampsis fragariella
Gelechiidae,Anacampsis fullonella
Gelechiidae,Anacampsis levipedella
Gelechiidae,Anacampsis rhoifructella
Gelechiidae,Anacampsis tristrigella
Gelechiidae,Anarsia lineatella
Gelechiidae,Aristotelia elegantella
Gelechiidae,Aristotelia fungivorella
Gelechiidae,Aristotelia lespedezae
Gelechiidae,Aristotelia pudibundella
Gelechiidae,Aristotelia roseosuffusella
Gelechiidae,Aristotelia rubidella
Gelechiidae,Arogalea cristifasciella
Gelechiidae,Battaristis concinnusella
Gelechiidae,Battaristis nigratomella
Gelechiidae,Battaristis vittella
Gelechiidae,Chionodes bicostomaculella
Gelechiidae,Chionodes cacula
Gelechiidae,Chionodes discoocellella
Gelechiidae,Chionodes fondella
Gelechiidae,Chionodes formosella
Gelechiidae,Chionodes fuscomaculella
Gelechiidae,Chionodes imber
Gelechiidae,Chionodes mediofuscella
Gelechiidae,Chionodes obscurusella
Gelechiidae,Chionodes pereyra
Gelechiidae,Chionodes praeclarella
Gelechiidae,Chionodes pseudofondella
Gelechiidae,Chionodes thoraceochrella
Gelechiidae,Chrysoesthia drurella
Gelechiidae,Chrysoesthia sexguttella
Gelechiidae,Coleotechnites apicitripunctella
Gelechiidae,Coleotechnites atrupictella
Gelechiidae,Coleotechnites carbonaria
Gelechiidae,Coleotechnites coniferella
Gelechiidae,Coleotechnites eryngiella
Gelechiidae,Coleotechnites florae
Gelechiidae,Coleotechnites quercivorella
Gelechiidae,Coleotechnites thujaella
Gelechiidae,Coleotechnites variiella
Gelechiidae,Deltophora glandiferella
Gelechiidae,Deltophora sella
Gelechiidae,Dichomeris aleatrix
Gelechiidae,Dichomeris bilobella
Gelechiidae,Dichomeris copa
Gelechiidae,Dichomeris costarufoella
Gelechiidae,Dichomeris flavocostella
Gelechiidae,Dichomeris furia
Gelechiidae,Dichomeris georgiella
Gelechiidae,Dichomeris glenni
Gelechiidae,Dichomeris inserrata
Gelechiidae,Dichomeris isa
Gelechiidae,Dichomeris juncidella
Gelechiidae,Dichomeris laetitia
Gelechiidae,Dichomeris leuconotella
Gelechiidae,Dichomeris ligulella
Gelechiidae,Dichomeris nonstrigella
Gelechiidae,Dichomeris ochripalpella
Gelechiidae,Dichomeris punctidiscella
Gelechiidae,Dichomeris punctipennella
Gelechiidae,Dichomeris serrativittella
Gelechiidae,Dichomeris setosella
Gelechiidae,Dichomeris ventrella
Gelechiidae,Dichomeris vindex
Gelechiidae,Exoteleia dodecella
Gelechiidae,Exoteleia pinifoliella
Gelechiidae,Fascista cercerisella
Gelechiidae,Filatima serotinella
Gelechiidae,Frumenta nundinella
Gelechiidae,Gelechia versutella
Gelechiidae,Gnorimoschema gallaesolidaginis
Gelechiidae,Gnorimoschema saphirinella
Gelechiidae,Helcystogramma fernaldella
Gelechiidae,Helcystogramma hystricella
Gelechiidae,Helcystogramma melanocarpa
Gelechiidae,Holophysis emblemella
Gelechiidae,Isophrictis anteliella
Gelechiidae,Isophrictis similiella
Gelechiidae,Metzneria lappella
Gelechiidae,Monochroa angustipennella
Gelechiidae,Monochroa gilvolinella
Gelechiidae,Monochroa quinquepunctella
Gelechiidae,Polyhymno luteostrigella
Gelechiidae,Pseudochelaria pennsylvanica
Gelechiidae,Pseudochelaria walsinghami
Gelechiidae,Pseudotelphusa basifasciella
Gelechiidae,Pseudotelphusa palliderosacella
Gelechiidae,Pseudotelphusa quercinigracella
Gelechiidae,Pubitelphusa latifasciella
Gelechiidae,Recurvaria consimilis
Gelechiidae,Recurvaria nanella
Gelechiidae,Scrobipalpa artemisiella
Gelechiidae,Sinoe chambersi
Gelechiidae,Sinoe robiniella
Gelechiidae,Stegasta bosqueella
Gelechiidae,Strobisia iridipennella
Gelechiidae,Symmetrischema pallidochrella
Gelechiidae,Symmetrischema striatella
Gelechiidae,Telphusa longifasciella
Gelechiidae,Theisoa constrictella
Geometridae,Aethalura intertexta
Geometridae,Anavitrinella pampinaria
Geometridae,Antepione thisoaria
Geometridae,Anticlea multiferata
Geometridae,Anticlea vasiliata
Geometridae,Apodrepanulatrix liberaria
Geometridae,Archiearis infans
Geometridae,Besma quercivoraria
Geometridae,Biston betularia
Geometridae,Cabera erythemaria
Geometridae,Cabera quadrifasciaria
Geometridae,Cabera variolaria
Geometridae,Campaea perlata
Geometridae,Cepphis armataria
Geometridae,Chlorochlamys chloroleucaria
Geometridae,Cladara atroliturata
Geometridae,Cleora sublunaria
Geometridae,Coryphista meadii
Geometridae,Costaconvexa centrostrigaria
Geometridae,Cyclophora nanaria
Geometridae,Cyclophora packardi
Geometridae,Dichorda iridaria
Geometridae,Digrammia continuata
Geometridae,Digrammia decorata
Geometridae,Digrammia denticulata
Geometridae,Digrammia equivocata
Geometridae,Digrammia eremiata
Geometridae,Digrammia gnophosaria
Geometridae,Digrammia mellistrigata
Geometridae,Digrammia ocellinata
Geometridae,Digrammia ordinata
Geometridae,Digrammia pallidata
Geometridae,Digrammia rippertaria
Geometridae,Digrammia subminiata
Geometridae,Disclisioprocta stellata
Geometridae,Dyspteris abortivaria
Geometridae,Dysstroma hersiliata
Geometridae,Ectropis crepuscularia
Geometridae,Ennomos magnaria
Geometridae,Ennomos subsignaria
Geometridae,Epimecis hortaria
Geometridae,Epirrhoe alternata
Geometridae,Epirrita autumnata
Geometridae,Erannis tiliaria
Geometridae,Erastria coloraria
Geometridae,Eubaphe mendica
Geometridae,Euchlaena amoenaria
Geometridae,Euchlaena effecta
Geometridae,Euchlaena irraria
Geometridae,Euchlaena johnsonaria
Geometridae,Euchlaena madusaria
Geometridae,Euchlaena milnei
Geometridae,Euchlaena obtusaria
Geometridae,Euchlaena serrata
Geometridae,Euchlaena tigrinaria
Geometridae,Eufidonia convergaria
Geometridae,Eufidonia notataria
Geometridae,Eugonobapta nivosaria
Geometridae,Eulithis diversilineata
Geometridae,Eulithis gracilineata
Geometridae,Eulithis molliculata
Geometridae,Eumacaria madopata
Geometridae,Euphyia intermediata
Geometridae,Eupithecia miserulata
Geometridae,Eusarca confusaria
Geometridae,Eutrapela clemataria
Geometridae,Glena cribrataria
Geometridae,Glena plumosaria
Geometridae,Glenoides texanaria
Geometridae,Haematopis grataria
Geometridae,Heliomata cycladata
Geometridae,Heterophleps refusaria
Geometridae,Heterophleps triguttaria
Geometridae,Hethemia pistasciaria
Geometridae,Homochlodes fritillaria
Geometridae,Horisme intestinata
Geometridae,Hydrelia albifera
Geometridae,Hydrelia inornata
Geometridae,Hydriomena divisaria
Geometridae,Hydriomena pluviata
Geometridae,Hydriomena transfigurata
Geometridae,Hypagyrtis esther
Geometridae,Hypagyrtis unipunctata
Geometridae,Hypomecis umbrosaria
Geometridae,Idaea bonifata
Geometridae,Idaea demissaria
Geometridae,Ilexia intractata
Geometridae,Iridopsis dataria
Geometridae,Iridopsis defectaria
Geometridae,Iridopsis ephyraria
Geometridae,Iridopsis humaria
Geometridae,Iridopsis larvaria
Geometridae,Iridopsis vellivolata
Geometridae,Isturgia dislocaria
Geometridae,Lambdina canitiaria
Geometridae,Lambdina fervidaria
Geometridae,Lambdina fiscellaria
Geometridae,Lambdina pellucidaria
Geometridae,Leptostales ferruminaria
Geometridae,Lobocleta ossularia
Geometridae,Lobocleta peralbata
Geometridae,Lobocleta plemyraria
Geometridae,Lobophora nivigerata
Geometridae,Lomographa glomeraria
Geometridae,Lomographa semiclarata
Geometridae,Lomographa vestaliata
Geometridae,Lychnosea intermicata
Geometridae,Lycia ursaria
Geometridae,Lycia ypsilon
Geometridae,Lytrosis unitaria
Geometridae,Macaria abruptata
Geometridae,Macaria aemulataria
Geometridae,Macaria aequiferaria
Geometridae,Macaria amboflava
Geometridae,Macaria bisignata
Geometridae,Macaria coortaria
Geometridae,Macaria distribuaria
Geometridae,Macaria evagaria
Geometridae,Macaria exauspicata
Geometridae,Macaria masquerata
Geometridae,Macaria minorata
Geometridae,Macaria multilineata
Geometridae,Macaria notata
Geometridae,Macaria occiduaria
Geometridae,Macaria promiscuata
Geometridae,Macaria pustularia
Geometridae,Macaria ribearia
Geometridae,Macaria sexmaculata
Geometridae,Macaria signaria
Geometridae,Macaria subcessaria
Geometridae,Macaria transitaria
Geometridae,Melanolophia canadaria
Geometridae,Melanolophia signataria
Geometridae,Mellilla xanthometata
Geometridae,Mesoleuca ruficillata
Geometridae,Metanema determinata
Geometridae,Metanema inatomaria
Geometridae,Metarranthis angularia
Geometridae,Metarranthis duaria
Geometridae,Metarranthis homuraria
Geometridae,Metarranthis hypochraria
Geometridae,Metarranthis refractaria
Geometridae,Nematocampa resistaria
Geometridae,Nemoria bistriaria
Geometridae,Nemoria lixaria
Geometridae,Nemoria mimosaria
Geometridae,Nemoria rubrifrontaria
Geometridae,Operophtera bruceata
Geometridae,Orthonama obstipata
Geometridae,Paleacrita merriccata
Geometridae,Paleacrita vernata
Geometridae,Patalene olyzonaria
Geometridae,Pero ancetaria
Geometridae,Pero honestaria
Geometridae,Pero morrisonaria
Geometridae,Petrophora subaequaria
Geometridae,Phaeoura quernaria
Geometridae,Phigalia denticulata
Geometridae,Phigalia strigataria
Geometridae,Phigalia titea
Geometridae,Plagodis alcoolaria
Geometridae,Plagodis fervidaria
Geometridae,Plagodis kuetzingi
Geometridae,Plagodis phlogosaria
Geometridae,Plagodis serinaria
Geometridae,Pleuroprucha insulsaria
Geometridae,Probole alienaria
Geometridae,Probole amicaria
Geometridae,Prochoerodes lineola
Geometridae,Protitame virginalis
Geometridae,Protoboarmia porcelaria
Geometridae,Psamatodes abydata
Geometridae,Rheumaptera prunivorata
Geometridae,Rheumaptera undulata
Geometridae,Rindgea nigricomma
Geometridae,Scopula ancellata
Geometridae,Scopula cacuminaria
Geometridae,Scopula inductata
Geometridae,Scopula limboundata
Geometridae,Scopula ordinata
Geometridae,Scopula quadrilineata
Geometridae,Selenia kentaria
Geometridae,Sicya macularia
Geometridae,Stamnodes gibbicostata
Geometridae,Stenoporpia excelsaria
Geometridae,Stenoporpia polygrammaria
Geometridae,Stenoporpia pulmonaria
Geometridae,Synchlora aerata
Geometridae,Tetracis cachexiata
Geometridae,Tetracis crocallata
Geometridae,Timandra amaturaria
Geometridae,Tornos scolopacinaria
Geometridae,Trichodezia albovittata
Geometridae,Trigrammia quadrinotaria
Geometridae,Venusia comptaria
Geometridae,Xanthorhoe ferrugata
Geometridae,Xanthorhoe labradorensis
Geometridae,Xanthorhoe lacustrata
Geometridae,Xanthotype urticaria
Glyphipterigidae,Abrenthia cuprea
Glyphipterigidae,Acrolepiopsis incertella
Glyphipterigidae,Diploschizia impigritella
Glyphipterigidae,Glyphipterix circumscriptella
Glyphipterigidae,Glyphipterix quadragintapunctata
Gracillariidae,Acrocercops albinatella
Gracillariidae,Acrocercops astericola
Gracillariidae,Acrocercops pnosmodiella
Gracillariidae,Caloptilia azaleella
Gracillariidae,Caloptilia belfragella
Gracillariidae,Caloptilia bimaculatella
Gracillariidae,Caloptilia blandella
Gracillariidae,Caloptilia cornusella
Gracillariidae,Caloptilia fraxinella
Gracillariidae,Caloptilia murtfeldtella
Gracillariidae,Caloptilia negundella
Gracillariidae,Caloptilia ostryaeella
Gracillariidae,Caloptilia packardella
Gracillariidae,Caloptilia rhoifoliella
Gracillariidae,Caloptilia sassafrasella
Gracillariidae,Caloptilia stigmatella
Gracillariidae,Caloptilia superbifrontella
Gracillariidae,Caloptilia umbratella
Gracillariidae,Caloptilia violacella
Gracillariidae,Cameraria aceriella
Gracillariidae,Cameraria aesculisella
Gracillariidae,Cameraria australisella
Gracillariidae,Cameraria bethunella
Gracillariidae,Cameraria caryaefoliella
Gracillariidae,Cameraria cincinnatiella
Gracillariidae,Cameraria conglomeratella
Gracillariidae,Cameraria corylisella
Gracillariidae,Cameraria fletcherella
Gracillariidae,Cameraria guttifinitella
Gracillariidae,Cameraria hamadryadella
Gracillariidae,Cameraria hamameliella
Gracillariidae,Cameraria macrocarpella
Gracillariidae,Cameraria ostryarella
Gracillariidae,Cameraria platanoidiella
Gracillariidae,Cameraria quercivorella
Gracillariidae,Cameraria saccharella
Gracillariidae,Cameraria ulmella
Gracillariidae,Chrysaster ostensackenella
Gracillariidae,Cremastobombycia ambrosiaeella
Gracillariidae,Cremastobombycia ignota
Gracillariidae,Cremastobombycia solidaginis
Gracillariidae,Leucanthiza amphicarpeaefoliella
Gracillariidae,Leucospilapteryx venustella
Gracillariidae,Macrosaccus morrisella
Gracillariidae,Macrosaccus robiniella
Gracillariidae,Macrosaccus uhlerella
Gracillariidae,Marmara fasciella
Gracillariidae,Micrurapteryx occulta
Gracillariidae,Micrurapteryx salicifoliella
Gracillariidae,Neurobathra strigifinitella
Gracillariidae,Parectopa plantaginisella
Gracillariidae,Parectopa robiniella
Gracillariidae,Parornix obliterella
Gracillariidae,Phyllocnistis insignis
Gracillariidae,Phyllocnistis populiella
Gracillariidae,Phyllocnistis vitifoliella
Gracillariidae,Phyllonorycter aeriferella
Gracillariidae,Phyllonorycter albanotella
Gracillariidae,Phyllonorycter apparella
Gracillariidae,Phyllonorycter argentifimbriella
Gracillariidae,Phyllonorycter argentinotella
Gracillariidae,Phyllonorycter basistrigella
Gracillariidae,Phyllonorycter blancardella
Gracillariidae,Phyllonorycter celtifoliella
Gracillariidae,Phyllonorycter celtisella
Gracillariidae,Phyllonorycter clemensella
Gracillariidae,Phyllonorycter fitchella
Gracillariidae,Phyllonorycter hagenii
Gracillariidae,Phyllonorycter lucetiella
Gracillariidae,Phyllonorycter lucidicostella
Gracillariidae,Phyllonorycter mariaeella
Gracillariidae,Phyllonorycter martiella
Gracillariidae,Phyllonorycter obscuricostella
Gracillariidae,Phyllonorycter olivaeformis
Gracillariidae,Phyllonorycter ostryaefoliella
Gracillariidae,Phyllonorycter propinquinella
Gracillariidae,Phyllonorycter quercialbella
Gracillariidae,Phyllonorycter rileyella
Gracillariidae,Phyllonorycter salicifoliella
Gracillariidae,Phyllonorycter scudderella
Gracillariidae,Phyllonorycter symphoricarpaeella
Gracillariidae,Phyllonorycter tiliacella
Gracillariidae,Phyllonorycter tritaenianella
Gracillariidae,Phyllonorycter viburnella
Gracillariidae,Porphyrosela desmodiella
Gracillariidae,Povolnya quercinigrella
Heliodinidae,Aetole bella
Heliodinidae,Aetole tripunctella
Heliodinidae,Embola ionis
Heliodinidae,Neoheliodines cliffordi
Heliodinidae,Neoheliodines nyctaginella
Heliozelidae,Coptodisca juglandiella
Heliozelidae,Heliozela aesella
Hepialidae,Sthenopis argenteomaculatus
Incurvariidae,Paraclemensia acerifoliella
Lacturidae,Lactura pupula
Lasiocampidae,Artace cribrarius
Lasiocampidae,Heteropacha rileyana
Lasiocampidae,Malacosoma americana
Lasiocampidae,Malacosoma disstria
Lasiocampidae,Phyllodesma americana
Lasiocampidae,Tolype notialis
Lasiocampidae,Tolype velleda
Limacodidae,Acharia stimulea
Limacodidae,Adoneta spinuloides
Limacodidae,Apoda biguttata
Limacodidae,Apoda y-inversum
Limacodidae,Euclea delphinii
Limacodidae,Euclea nanina
Limacodidae,Heterogenea shurtleffi
Limacodidae,Isa textula
Limacodidae,Lithacodes fasciola
Limacodidae,Packardia albipunctata
Limacodidae,Packardia elegans
Limacodidae,Packardia geminata
Limacodidae,Parasa chloris
Limacodidae,Parasa indetermina
Limacodidae,Phobetron pithecium
Limacodidae,Prolimacodes badia
Limacodidae,Tortricidia flexuosa
Limacodidae,Tortricidia pallida
Limacodidae,Tortricidia testacea
Lyonetiidae,Paraleucoptera albella
Lyonetiidae,Proleucoptera smilaciella
Megalopygidae,Megalopyge crispata
Megalopygidae,Norape ovina
Micropterigidae,Epimartyria auricrinella
Mimallonidae,Cicinnus melsheimeri
Mimallonidae,Lacosoma chiridota
Momphidae,Mompha argentimaculella
Momphidae,Mompha brevivittella
Momphidae,Mompha capella
Momphidae,Mompha cephalonthiella
Momphidae,Mompha circumscriptella
Momphidae,Mompha eloisella
Momphidae,Mompha luciferella
Momphidae,Mompha murtfeldtella
Momphidae,Mompha passerella
Momphidae,Mompha stellella
Momphidae,Mompha terminella
Nepticulidae,Ectoedemia platanella(1).jpg
Nepticulidae,Etainia ochrefasciella
Nepticulidae,Stigmella macrocarpae
Nepticulidae,Stigmella prunifoliella
Nolidae,Baileya australis
Nolidae,Baileya dormitans
Nolidae,Baileya doubledayi
Nolidae,Baileya levitans
Nolidae,Baileya ophthalmica
Nolidae,Garella nilotica
Nolidae,Meganola minuscula
Nolidae,Meganola phylla
Nolidae,Meganola spodia
Nolidae,Nola cereella
Nolidae,Nola cilicoides
Nolidae,Nola triquetrana
Nolidae,Nycteola frigidana
Nolidae,Nycteola metaspilella
Notodontidae,Clostera albosigma
Notodontidae,Clostera apicalis
Notodontidae,Clostera inclusa
Notodontidae,Clostera strigosa
Notodontidae,Dasylophia anguina
Notodontidae,Dasylophia thyatiroides
Notodontidae,Datana angusii
Notodontidae,Datana contracta
Notodontidae,Datana drexelii
Notodontidae,Datana integerrima
Notodontidae,Datana major
Notodontidae,Datana ministra
Notodontidae,Datana perspicua
Notodontidae,Datana robusta
Notodontidae,Ellida caniplaga
Notodontidae,Furcula borealis
Notodontidae,Furcula cinerea
Notodontidae,Gluphisia avimacula
Notodontidae,Gluphisia lintneri
Notodontidae,Gluphisia septentrionis
Notodontidae,Heterocampa biundata
Notodontidae,Heterocampa guttivitta
Notodontidae,Heterocampa obliqua
Notodontidae,Heterocampa subrotata
Notodontidae,Heterocampa umbrata
Notodontidae,Hyparpax aurora
Notodontidae,Hyperaeschra georgica
Notodontidae,Litodonta gigantea
Notodontidae,Lochmaeus bilineata
Notodontidae,Lochmaeus manteo
Notodontidae,Macrurocampa marthesia
Notodontidae,Misogada unicolor
Notodontidae,Nadata gibbosa
Notodontidae,Nerice bidentata
Notodontidae,Notodonta scitipennis
Notodontidae,Notodonta torva
Notodontidae,Odontosia elegans
Notodontidae,Oligocentria lignicolor
Notodontidae,Oligocentria semirufescens
Notodontidae,Peridea angulosa
Notodontidae,Peridea basitriens
Notodontidae,Peridea ferruginea
Notodontidae,Pheosia rimosa
Notodontidae,Schizura apicalis
Notodontidae,Schizura badia
Notodontidae,Schizura concinna
Notodontidae,Schizura ipomaeae
Notodontidae,Schizura leptinoides
Notodontidae,Schizura unicornis
Notodontidae,Symmerista albifrons
Notodontidae,Symmerista canicosta
Oecophoridae,Carolana ascriptella
Oecophoridae,Decantha boreasella
Oecophoridae,Eido trimaculella
Oecophoridae,Epicallima argenticinctella
Oecophoridae,Fabiola shaleriella
Oecophoridae,Martyringa latipennis
Oecophoridae,Mathildana newmanella
Oecophoridae,Polix coloradella
Opostegidae,Pseudopostega cretea
Opostegidae,Pseudopostega quadristrigella
Plutellidae,Plutella xylostella
Praydidae,Prays atomocella
Prodoxidae,Lampronia russatella
Prodoxidae,Prodoxus quinquepunctella
Prodoxidae,Tegeticula yuccasella
Psychidae,Psyche casta
Psychidae,Siederia walshella
Psychidae,Thyridopteryx ephemeraeformis
Pterophoridae,Adaina ambrosiae
Pterophoridae,Adaina bipunctatus
Pterophoridae,Cnaemidophorus rhododactyla
Pterophoridae,Dejongia lobidactylus
Pterophoridae,Emmelina monodactyla
Pterophoridae,Geina buscki
Pterophoridae,Geina periscelidactylus
Pterophoridae,Geina sheppardi
Pterophoridae,Geina tenuidactylus
Pterophoridae,Gillmeria pallidactyla
Pterophoridae,Hellinsia elliottii
Pterophoridae,Hellinsia glenni
Pterophoridae,Hellinsia homodactylus
Pterophoridae,Hellinsia inquinatus
Pterophoridae,Hellinsia kellicottii
Pterophoridae,Hellinsia lacteodactylus
Pterophoridae,Hellinsia paleaceus
Pterophoridae,Hellinsia pectodactylus
Pterophoridae,Oidaematophorus eupatorii
Pterophoridae,Platyptilia carduidactylus
Pyralidae,Achroia grisella
Pyralidae,Acrobasis angusella
Pyralidae,Acrobasis caryae
Pyralidae,Acrobasis caryalbella
Pyralidae,Acrobasis caryivorella
Pyralidae,Acrobasis comptoniella
Pyralidae,Acrobasis demotella
Pyralidae,Acrobasis indigenella
Pyralidae,Acrobasis juglandis
Pyralidae,Acrobasis minimella
Pyralidae,Acrobasis ostryella
Pyralidae,Acrobasis palliolella
Pyralidae,Acrobasis rubrifasciella
Pyralidae,Acrobasis stigmella
Pyralidae,Acrobasis tricolorella
Pyralidae,Acrobasis tumidulella
Pyralidae,Acrobasis vaccinii
Pyralidae,Aglossa caprealis
Pyralidae,Aglossa costiferalis
Pyralidae,Aglossa cuprina
Pyralidae,Aglossa disciferalis
Pyralidae,Aphomia fulminalis
Pyralidae,Aphomia sociella
Pyralidae,Aphomia terrenella
Pyralidae,Arta statalis
Pyralidae,Canarsia ulmiarrosorella
Pyralidae,Clydonopteron sacculana
Pyralidae,Coenochroa bipunctella
Pyralidae,Condylolomia participalis
Pyralidae,Elasmopalpus lignosellus
Pyralidae,Ephestia kuehniella
Pyralidae,Ephestiodes infimella
Pyralidae,Epipaschia superatalis
Pyralidae,Eulogia ochrifrontella
Pyralidae,Eurythmia angulella
Pyralidae,Euzophera ostricolorella
Pyralidae,Euzophera semifuneralis
Pyralidae,Galasa nigrinodis
Pyralidae,Galleria mellonella
Pyralidae,Glyptocera consobrinella
Pyralidae,Homoeosoma deceptorium
Pyralidae,Hypsopygia binodulalis
Pyralidae,Hypsopygia costalis
Pyralidae,Hypsopygia intermedialis
Pyralidae,Hypsopygia olinalis
Pyralidae,Immyrla nigrovittella
Pyralidae,Macalla zelleri
Pyralidae,Meroptera cviatella
Pyralidae,Meroptera pravella
Pyralidae,Monoptilota pergratialis
Pyralidae,Moodna ostrinella
Pyralidae,Moodna pallidostrinella
Pyralidae,Myelopsis minutularia
Pyralidae,Myelopsis subtetricella
Pyralidae,Omphalocera cariosa
Pyralidae,Oneida lunulalis
Pyralidae,Oreana unicolorella
Pyralidae,Peoria approximella
Pyralidae,Peoria gemmatella
Pyralidae,Peoria roseotinctella
Pyralidae,Phycitodes reliquellum
Pyralidae,Plodia interpunctella
Pyralidae,Pococera aplastella
Pyralidae,Pococera asperatella
Pyralidae,Pococera baptisiella
Pyralidae,Pococera expandens
Pyralidae,Pococera humerella
Pyralidae,Pococera maritimalis
Pyralidae,Pococera militella
Pyralidae,Pococera scortealis
Pyralidae,Pococera subcanalis
Pyralidae,Pyralis farinalis
Pyralidae,Salebriaria engeli
Pyralidae,Salebriaria turpidella
Pyralidae,Sciota basilaris
Pyralidae,Sciota celtidella
Pyralidae,Sciota dammersi
Pyralidae,Sciota rubrisparsella
Pyralidae,Sciota subcaesiella
Pyralidae,Sciota subfuscella
Pyralidae,Sciota uvinella
Pyralidae,Sciota vetustella
Pyralidae,Sciota virgatella
Pyralidae,Tlascala reductella
Pyralidae,Tosale oviplagalis
Pyralidae,Varneria postremella
Pyralidae,Vitula broweri
Pyralidae,Vitula edmandsii
Pyralidae,Zophodia grossulariella
Saturniidae,Actias luna
Saturniidae,Anisota senatoria
Saturniidae,Anisota stigma
Saturniidae,Anisota virginiensis
Saturniidae,Antheraea polyphemus
Saturniidae,Automeris io
Saturniidae,Callosamia angulifera
Saturniidae,Callosamia promethea
Saturniidae,Citheronia regalis
Saturniidae,Dryocampa rubicunda
Saturniidae,Eacles imperialis
Saturniidae,Hemileuca maia
Saturniidae,Hemileuca nevadensis
Saturniidae,Hyalophora cecropia
Saturniidae,Sphingicampa bicolor
Saturniidae,Sphingicampa bisecta
Schreckensteiniidae,Schreckensteinia erythriella
Schreckensteiniidae,Schreckensteinia festaliella
Scythrididae,Scythris limbella
Scythrididae,Scythris trivinctella
Sesiidae,Albuna fraxini
Sesiidae,Alcathoe caudata
Sesiidae,Carmenta anthracipennis
Sesiidae,Carmenta bassiformis
Sesiidae,Carmenta ithacae
Sesiidae,Carmenta pyralidiformis
Sesiidae,Melittia cucurbitae
Sesiidae,Osminia ruficornis
Sesiidae,Paranthrene dollii
Sesiidae,Paranthrene simulans
Sesiidae,Paranthrene tabaniformis
Sesiidae,Pennisetia marginatum
Sesiidae,Podosesia syringae
Sesiidae,Synanthedon acerni
Sesiidae,Synanthedon acerrubri
Sesiidae,Synanthedon decipiens
Sesiidae,Synanthedon exitiosa
Sesiidae,Synanthedon fatifera
Sesiidae,Synanthedon pictipes
Sesiidae,Synanthedon proxima
Sesiidae,Synanthedon pyri
Sesiidae,Synanthedon rileyana
Sesiidae,Synanthedon scitula
Sesiidae,Synanthedon tipuliformis
Sesiidae,Synanthedon viburni
Sesiidae,Vitacea polistiformis
Sesiidae,Vitacea scepsiformis
Sphingidae,Aellopos titan
Sphingidae,Agrius cingulata
Sphingidae,Amorpha juglandis
Sphingidae,Amphion floridensis
Sphingidae,Ceratomia amyntor
Sphingidae,Ceratomia catalpae
Sphingidae,Ceratomia hageni
Sphingidae,Ceratomia undulosa
Sphingidae,Darapsa choerilus
Sphingidae,Darapsa myron
Sphingidae,Darapsa versicolor
Sphingidae,Deidamia inscripta
Sphingidae,Dolba hyloeus
Sphingidae,Erinnyis ello
Sphingidae,Erinnyis obscura
Sphingidae,Eumorpha achemon
Sphingidae,Eumorpha fasciatus
Sphingidae,Eumorpha labruscae
Sphingidae,Eumorpha pandorus
Sphingidae,Hemaris diffinis
Sphingidae,Hemaris gracilis
Sphingidae,Hemaris thysbe
Sphingidae,Hyles euphorbiae
Sphingidae,Hyles gallii
Sphingidae,Hyles lineata
Sphingidae,Lintneria eremitus
Sphingidae,Manduca jasminearum
Sphingidae,Manduca quinquemaculatus
Sphingidae,Manduca sexta
Sphingidae,Pachysphinx modesta
Sphingidae,Paonias excaecata
Sphingidae,Paonias myops
Sphingidae,Paratrea plebeja
Sphingidae,Proserpinus juanita
Sphingidae,Smerinthus cerisyi
Sphingidae,Smerinthus jamaicensis
Sphingidae,Sphecodina abbottii
Sphingidae,Sphinx canadensis
Sphingidae,Sphinx chersis
Sphingidae,Sphinx drupiferarum
Sphingidae,Sphinx franckii
Sphingidae,Sphinx gordius
Sphingidae,Sphinx kalmiae
Sphingidae,Sphinx poecila
Sphingidae,Sphinx vashti
Sphingidae,Xylophanes tersa
Thyrididae,Dysodia oculatana
Thyrididae,Pseudothyris sepulchralis
Thyrididae,Thyris maculata
Tineidae,Acrolophus arcanella
Tineidae,Acrolophus mortipennella
Tineidae,Acrolophus morus
Tineidae,Acrolophus plumifrontella
Tineidae,Acrolophus popeanella
Tineidae,Acrolophus propinquus
Tineidae,Amydria effrentella
Tineidae,Homosetia argentinotella
Tineidae,Homosetia bifasciella
Tineidae,Homosetia costisignella
Tineidae,Homosetia tricingulatella
Tineidae,Homostinea curviliniella
Tineidae,Hybroma servulella
Tineidae,Isocorypha mediostriatella
Tineidae,Kearfottia albifasciella
Tineidae,Monopis crocicapitella
Tineidae,Monopis dorsistrigella
Tineidae,Monopis marginistrigella
Tineidae,Monopis spilotella
Tineidae,Montescardia fuscofasciella
Tineidae,Nemapogon acapnopennella
Tineidae,Nemapogon angulifasciella
Tineidae,Nemapogon auropulvella
Tineidae,Nemapogon granella
Tineidae,Nemapogon interstitiella
Tineidae,Niditinea fuscella
Tineidae,Oenoe hybromella
Tineidae,Philonome clemensella
Tineidae,Scardiella approximatella
Tineidae,Setomorpha rutella
Tineidae,Stenoptinea auriferella
Tineidae,Tinea apicimaculella
Tineidae,Tinea pellionella
Tineidae,Xylesthia pruniramiella
Tischeriidae,Coptotriche purinosella
Tischeriidae,Tischeria quercitella
Tortricidae,Acleris albicomana
Tortricidae,Acleris braunana
Tortricidae,Acleris celiana
Tortricidae,Acleris cervinana
Tortricidae,Acleris chalybeana
Tortricidae,Acleris comariana
Tortricidae,Acleris cornana
Tortricidae,Acleris curvalana
Tortricidae,Acleris flavivittana
Tortricidae,Acleris forbesana
Tortricidae,Acleris forsskaleana
Tortricidae,Acleris fuscana
Tortricidae,Acleris hastiana
Tortricidae,Acleris implexana
Tortricidae,Acleris maccana
Tortricidae,Acleris macdunnoughi
Tortricidae,Acleris maculidorsana
Tortricidae,Acleris minuta
Tortricidae,Acleris negundana
Tortricidae,Acleris nigrolinea
Tortricidae,Acleris nivisellana
Tortricidae,Acleris placidana
Tortricidae,Acleris ptychogrammos
Tortricidae,Acleris robinsoniana
Tortricidae,Acleris schalleriana
Tortricidae,Acleris semiannula
Tortricidae,Acleris semipurpurana
Tortricidae,Acleris subnivana
Tortricidae,Acleris variana
Tortricidae,Adoxophyes furcatana
Tortricidae,Adoxophyes negundana
Tortricidae,Aethes angulatana
Tortricidae,Aethes angustana
Tortricidae,Aethes argentilimitana
Tortricidae,Aethes atomosana
Tortricidae,Aethes baloghi
Tortricidae,Aethes biscana
Tortricidae,Aethes bomonana
Tortricidae,Aethes interruptofasciata
Tortricidae,Aethes louisiana
Tortricidae,Aethes matheri
Tortricidae,Aethes mymara
Tortricidae,Aethes promptana
Tortricidae,Aethes rana
Tortricidae,Aethes razowskii
Tortricidae,Aethes sexdentata
Tortricidae,Aethes spartinana
Tortricidae,Amorbia humerosana
Tortricidae,Ancylis albacostana
Tortricidae,Ancylis apicana
Tortricidae,Ancylis brauni
Tortricidae,Ancylis burgessiana
Tortricidae,Ancylis comptana
Tortricidae,Ancylis diminuatana
Tortricidae,Ancylis discigerana
Tortricidae,Ancylis divisana
Tortricidae,Ancylis goodelliana
Tortricidae,Ancylis laciniana
Tortricidae,Ancylis metamelana
Tortricidae,Ancylis muricana
Tortricidae,Ancylis nubeculana
Tortricidae,Ancylis platanana
Tortricidae,Ancylis semiovana
Tortricidae,Ancylis spiraeifoliana
Tortricidae,Apotomis capreana
Tortricidae,Apotomis deceptana
Tortricidae,Apotomis infida
Tortricidae,Apotomis removana
Tortricidae,Archips argyrospila
Tortricidae,Archips cerasivorana
Tortricidae,Archips fervidana
Tortricidae,Archips grisea
Tortricidae,Archips infumatana
Tortricidae,Archips nigriplagana
Tortricidae,Archips podana
Tortricidae,Archips purpurana
Tortricidae,Archips rileyana
Tortricidae,Archips semiferanus
Tortricidae,Argyrotaenia alisellana
Tortricidae,Argyrotaenia juglandana
Tortricidae,Argyrotaenia mariana
Tortricidae,Argyrotaenia pinatubana
Tortricidae,Argyrotaenia quadrifasciana
Tortricidae,Argyrotaenia quercifoliana
Tortricidae,Argyrotaenia velutinana
Tortricidae,Aterpia approximana
Tortricidae,Atroposia oenotherana
Tortricidae,Bactra furfurana
Tortricidae,Bactra maiorina
Tortricidae,Bactra verutana
Tortricidae,Cacoecimorpha pronubana
Tortricidae,Catastega aceriella
Tortricidae,Catastega timidella
Tortricidae,Celypha cespitana
Tortricidae,Cenopis cana
Tortricidae,Cenopis diluticostana
Tortricidae,Cenopis directana
Tortricidae,Cenopis karacana
Tortricidae,Cenopis mesospila
Tortricidae,Cenopis niveana
Tortricidae,Cenopis pettitana
Tortricidae,Cenopis reticulatana
Tortricidae,Chimoptesis pennsylvaniana
Tortricidae,Choristoneura conflictana
Tortricidae,Choristoneura fractivittana
Tortricidae,Choristoneura fumiferana
Tortricidae,Choristoneura obsoletana
Tortricidae,Choristoneura parallela
Tortricidae,Choristoneura pinus
Tortricidae,Choristoneura rosaceana
Tortricidae,Choristoneura zapulata
Tortricidae,Clepsis clemensiana
Tortricidae,Clepsis listerana
Tortricidae,Clepsis melaleucanus
Tortricidae,Clepsis peritana
Tortricidae,Clepsis persicana
Tortricidae,Clepsis virescana
Tortricidae,Cochylis aurorana
Tortricidae,Cochylis bucera
Tortricidae,Cochylis caulocatax
Tortricidae,Cochylis hoffmanana
Tortricidae,Cochylis hospes
Tortricidae,Cochylis ringsi
Tortricidae,Cochylis temerana
Tortricidae,Cochylis viscana
Tortricidae,Coelostathma discopunctana
Tortricidae,Corticivora clarki
Tortricidae,Cydia albimaculana
Tortricidae,Cydia caryana
Tortricidae,Cydia gallaesaliciana
Tortricidae,Cydia lacustrina
Tortricidae,Cydia latiferreana
Tortricidae,Cydia pomonella
Tortricidae,Cydia toreuta
Tortricidae,Decodes basiplagana
Tortricidae,Dichrorampha bittana
Tortricidae,Dichrorampha incanana
Tortricidae,Dichrorampha leopardana
Tortricidae,Dichrorampha simulana
Tortricidae,Diedra cockerellana
Tortricidae,Ecdytolopha insiticiana
Tortricidae,Ecdytolopha mana
Tortricidae,Endothenia conditana
Tortricidae,Endothenia hebesana
Tortricidae,Endothenia heinrichi
Tortricidae,Endothenia montanana
Tortricidae,Endothenia nubilana
Tortricidae,Epiblema abruptana
Tortricidae,Epiblema benignatum
Tortricidae,Epiblema boxcana
Tortricidae,Epiblema brightonana
Tortricidae,Epiblema carolinana
Tortricidae,Epiblema deflexana
Tortricidae,Epiblema desertana
Tortricidae,Epiblema dorsisuffusana
Tortricidae,Epiblema gibsoni
Tortricidae,Epiblema glenni
Tortricidae,Epiblema infelix
Tortricidae,Epiblema iowana
Tortricidae,Epiblema luctuosissima
Tortricidae,Epiblema numerosana
Tortricidae,Epiblema obfuscana
Tortricidae,Epiblema otiosana
Tortricidae,Epiblema resumptana
Tortricidae,Epiblema scudderiana
Tortricidae,Epiblema strenuana
Tortricidae,Epiblema tandana
Tortricidae,Epiblema tripartitana
Tortricidae,Epiblema walsinghami
Tortricidae,Epinotia celtisana
Tortricidae,Epinotia lindana
Tortricidae,Epinotia madderana
Tortricidae,Epinotia medioviridana
Tortricidae,Episimus argutana
Tortricidae,Episimus tyrius
Tortricidae,Eucopina tocullionana
Tortricidae,Eucosma ambodaidaleia
Tortricidae,Eucosma apacheana
Tortricidae,Eucosma awemeana
Tortricidae,Eucosma bilineana
Tortricidae,Eucosma bipunctella
Tortricidae,Eucosma circulana
Tortricidae,Eucosma clavana
Tortricidae,Eucosma columbiana
Tortricidae,Eucosma essexana
Tortricidae,Eucosma giganteana
Tortricidae,Eucosma glomerana
Tortricidae,Eucosma kiscana
Tortricidae,Eucosma ochrocephala
Tortricidae,Eucosma ochroterminana
Tortricidae,Eucosma olivaceana
Tortricidae,Eucosma ornatula
Tortricidae,Eucosma parmatana
Tortricidae,Eucosma radiatana
Tortricidae,Eucosma raracana
Tortricidae,Eucosma rusticana
Tortricidae,Eucosma sombreana
Tortricidae,Eucosma striatana
Tortricidae,Eucosma tomonana
Tortricidae,Eucosma umbrastriana
Tortricidae,Eucosma verna
Tortricidae,Eugnosta bimaculana
Tortricidae,Eugnosta erigeronana
Tortricidae,Eumarozia malachitana
Tortricidae,Evora hemidesma
Tortricidae,Grapholita angeleseana
Tortricidae,Grapholita delineana
Tortricidae,Grapholita eclipsana
Tortricidae,Grapholita fana
Tortricidae,Grapholita interstinctana
Tortricidae,Grapholita packardi
Tortricidae,Grapholita prunivora
Tortricidae,Grapholita tristrigana
Tortricidae,Gretchena amatana
Tortricidae,Gretchena concitatricana
Tortricidae,Gretchena concubitana
Tortricidae,Gretchena delicatana
Tortricidae,Gretchena deludana
Tortricidae,Gretchena nymphana
Tortricidae,Gretchena watchungana
Tortricidae,Gymnandrosoma punctidiscanum
Tortricidae,Gypsonoma adjuncta
Tortricidae,Gypsonoma fasciolana
Tortricidae,Gypsonoma haimbachiana
Tortricidae,Gypsonoma salicicolana
Tortricidae,Gypsonoma substitutionis
Tortricidae,Hedya chionosema
Tortricidae,Hedya cyanana
Tortricidae,Hedya ochroleucana
Tortricidae,Hedya separatana
Tortricidae,Hystrichophora taleana
Tortricidae,Hystrichophora vestaliana
Tortricidae,Larisa subsolana
Tortricidae,Lobesia carduana
Tortricidae,Notocelia culminana
Tortricidae,Notocelia illotana
Tortricidae,Notocelia rosaecolana
Tortricidae,Olethreutes albiciliana
Tortricidae,Olethreutes astrologana
Tortricidae,Olethreutes atrodentana
Tortricidae,Olethreutes auricapitana
Tortricidae,Olethreutes bipartitana
Tortricidae,Olethreutes comandranum
Tortricidae,Olethreutes concinnana
Tortricidae,Olethreutes connectum
Tortricidae,Olethreutes coruscana
Tortricidae,Olethreutes corylana
Tortricidae,Olethreutes deprecatorius
Tortricidae,Olethreutes exoletum
Tortricidae,Olethreutes fagigemmeana
Tortricidae,Olethreutes fasciatana
Tortricidae,Olethreutes ferriferana
Tortricidae,Olethreutes ferrolineana
Tortricidae,Olethreutes footiana
Tortricidae,Olethreutes fraternanum
Tortricidae,Olethreutes furfuranum
Tortricidae,Olethreutes glaciana
Tortricidae,Olethreutes griseoalbana
Tortricidae,Olethreutes hamameliana
Tortricidae,Olethreutes inornatana
Tortricidae,Olethreutes malana
Tortricidae,Olethreutes melanomesum
Tortricidae,Olethreutes merrickana
Tortricidae,Olethreutes monetiferanum
Tortricidae,Olethreutes mysteriana
Tortricidae,Olethreutes nigranum
Tortricidae,Olethreutes nitidana
Tortricidae,Olethreutes ochrosuffusanum
Tortricidae,Olethreutes olivaceana
Tortricidae,Olethreutes osmundana
Tortricidae,Olethreutes permundana
Tortricidae,Olethreutes punctanum
Tortricidae,Olethreutes quadrifidum
Tortricidae,Olethreutes submissanum
Tortricidae,Olethreutes tilianum
Tortricidae,Olethreutes trinitana
Tortricidae,Olethreutes valdanum
Tortricidae,Olethreutes viburnanum
Tortricidae,Orthotaenia undulana
Tortricidae,Pammene felicitana
Tortricidae,Pandemis canadana
Tortricidae,Pandemis lamprosana
Tortricidae,Pandemis limitata
Tortricidae,Paralobesia liriodendrana
Tortricidae,Paralobesia palliolana
Tortricidae,Paralobesia spiraeifoliana
Tortricidae,Paralobesia vernoniana
Tortricidae,Paralobesia viteana
Tortricidae,Paralobesia yaracana
Tortricidae,Pelochrista agricolana
Tortricidae,Pelochrista albiguttana
Tortricidae,Pelochrista argenteana
Tortricidae,Pelochrista aurilineana
Tortricidae,Pelochrista cataclystiana
Tortricidae,Pelochrista comatulana
Tortricidae,Pelochrista consobrinana
Tortricidae,Pelochrista corosana
Tortricidae,Pelochrista costastriata
Tortricidae,Pelochrista derelicta
Tortricidae,Pelochrista dorsisignatana
Tortricidae,Pelochrista graciliana
Tortricidae,Pelochrista heathiana
Tortricidae,Pelochrista matutina
Tortricidae,Pelochrista milleri
Tortricidae,Pelochrista morrisoni
Tortricidae,Pelochrista nandana
Tortricidae,Pelochrista palabundana
Tortricidae,Pelochrista pallidipalpana
Tortricidae,Pelochrista quinquemaculana
Tortricidae,Pelochrista ridingsana
Tortricidae,Pelochrista robinsonana
Tortricidae,Pelochrista rorana
Tortricidae,Pelochrista scintillana
Tortricidae,Pelochrista seamansi
Tortricidae,Pelochrista similiana
Tortricidae,Pelochrista vagana
Tortricidae,Pelochrista wandana
Tortricidae,Pelochrista womonana
Tortricidae,Pelochrista zomonana
Tortricidae,Phaecasiophora niveiguttana
Tortricidae,Phalonidia lepidana
Tortricidae,Phtheochroa baracana
Tortricidae,Phtheochroa birdana
Tortricidae,Phtheochroa riscana
Tortricidae,Phtheochroa terminana
Tortricidae,Platphalonia lavana
Tortricidae,Platynota exasperatana
Tortricidae,Platynota flavedana
Tortricidae,Platynota idaeusalis
Tortricidae,Platynota nigrocervina
Tortricidae,Platynota semiustana
Tortricidae,Poterioparvus wiscana
Tortricidae,Pristerognatha agilana
Tortricidae,Proteoteras aesculana
Tortricidae,Proteoteras crescentana
Tortricidae,Proteoteras moffatiana
Tortricidae,Proteoteras naracana
Tortricidae,Proteoteras obnigrana
Tortricidae,Proteoteras willingana
Tortricidae,Pseudexentera cressoniana
Tortricidae,Pseudexentera faracana
Tortricidae,Pseudexentera haracana
Tortricidae,Pseudexentera hodsoni
Tortricidae,Pseudexentera mali
Tortricidae,Pseudexentera maracana
Tortricidae,Pseudexentera sepia
Tortricidae,Pseudexentera spoliana
Tortricidae,Pseudexentera vaccinii
Tortricidae,Pseudexentera virginiana
Tortricidae,Pseudogalleria inimicella
Tortricidae,Pseudosciaphila duplex
Tortricidae,Retinia gemistrigulana
Tortricidae,Rhopobota dietziana
Tortricidae,Rhopobota finitimana
Tortricidae,Rhopobota naevana
Tortricidae,Rhyacionia buoliana
Tortricidae,Rolandylis maiana
Tortricidae,Rudenia leguminana
Tortricidae,Sereda tautana
Tortricidae,Sonia canadana
Tortricidae,Sonia fulminana
Tortricidae,Sonia paraplesiana
Tortricidae,Sparganothis boweri
Tortricidae,Sparganothis caryae
Tortricidae,Sparganothis distincta1
Tortricidae,Sparganothis flavibasana
Tortricidae,Sparganothis pulcherrimana
Tortricidae,Sparganothis sulfureana
Tortricidae,Sparganothis tristriata
Tortricidae,Sparganothis umbrana
Tortricidae,Sparganothis unifasciana
Tortricidae,Sparganothis xanthoides
Tortricidae,Spilonota ocellana
Tortricidae,Strepsicrates smithiana
Tortricidae,Suleima cinerodorsana
Tortricidae,Suleima helianthana
Tortricidae,Syndemis afflictana
Tortricidae,Talponia plummeriana
Tortricidae,Taniva albolineana
Tortricidae,Thyraylia bana
Tortricidae,Thyraylia bunteana
Tortricidae,Thyraylia hollandana
Tortricidae,Xenotemna pallorana
Tortricidae,Zeiraphera canadensis
Tortricidae,Zeiraphera claypoleana
Tortricidae,Zeiraphera improbana
Tortricidae,Zomaria interruptolineana
Uraniidae,Calledapteryx dryopterata
Uraniidae,Callizzia amorata
Yponomeutidae,Yponomeuta cagnagella
Yponomeutidae,Yponomeuta multipunctella
Ypsolophidae,Ypsolopha dentella
Zygaenidae,Acoloithus falsarius
Zygaenidae,Harrisina americana
